painel,rotulo_projeto,LOINC_NUM,LONG_COMMON_NAME,SHORTNAME,DisplayName,COMPONENT,PROPERTY,TIME_ASPCT,SYSTEM,SCALE_TYP,METHOD_TYP,CLASS,STATUS,EXAMPLE_UCUM_UNITS,COMMON_TEST_RANK,ptBR_COMPONENT,ptBR_PROPERTY,ptBR_TIME_ASPCT,ptBR_SYSTEM,ptBR_SCALE_TYP,ptBR_METHOD_TYP,ptBR_SHORTNAME,ptBR_RELATEDNAMES2
Hemograma,Hemoglobina,718-7,Hemoglobin [Mass/volume] in Blood,Hgb Bld-mCnc,Hemoglobin (Bld) [Mass/Vol],Hemoglobin,MCnc,Pt,Bld,Qn,,HEM/BC,ACTIVE,g/dL,17,Hemoglobina,MCnc,Pt,SgTotal,Qn,,Hgb Sg-mCnc,; Hgb; Hb; Haemoglobin; Mass concentration; Level; Point in time; Random; Blood; WB; Whole blood; Quantitative; QNT; Quant; Quan; HEMATOLOGY/CELL COUNTS; HEMATOLOGY/CELL COUNTS
Hemograma,Hematocrito,4544-3,Hematocrit [Volume Fraction] of Blood by Automated count,Hct VFr Bld Auto,Hematocrit Auto (Bld) [Volume fraction],Erythrocyte/Blood,VFr,Pt,Bld,Qn,Automated count,HEM/BC,ACTIVE,%,28,Hematócrito,VFr,Pt,SgTotal,Qn,Contagem automática,Hct Fr Sg Auto,; Hct; PCV; Fr; Volume fraction; Volfr; Percent; Point in time; Random; Blood; WB; Whole blood; Quantitative; QNT; Quant; Quan; Auto; HEMATOLOGY/CELL COUNTS; HEMATOLOGY/CELL COUNTS
Hemograma,Eritrocitos,26453-1,Erythrocytes [#/volume] in Blood,RBC # Bld,RBC (Bld) [#/Vol],Erythrocytes,NCnc,Pt,Bld,Qn,,HEM/BC,ACTIVE,10*6/uL,99,Eritrócitos,NCnc,Pt,SgTotal,Qn,,RBC # Sg,; RBC; Red blood corpusles; Red blood corpuscle; Erthrocyte; Erythrocyte; Red blood cell; Red cell; Red cells; Discocytes; Red blood cells; RBCS; #; Number concentration; Count/mass; Count; AcS; CT; Acsolute; Acsolutes; Cnt; Point in time; Random; Blood; WB; Whole blood; Quantitative; QNT; Quant; Quan; HEMATOLOGY/CELL COUNTS; HEMATOLOGY/CELL COUNTS
Hemograma,Leucocitos,26464-8,Leukocytes [#/volume] in Blood,WBC # Bld,WBC (Bld) [#/Vol],Leukocytes,NCnc,Pt,Bld,Qn,,HEM/BC,ACTIVE,10*3/uL,68,Leucócitos,NCnc,Pt,SgTotal,Qn,,Leucoc # Sg,; Leucoc; White blood cell; Leuc; Leuk; Leukocyte; Lkcs; White blood cells; Leucocs; #; Number concentration; Count/mass; Count; AcS; CT; Acsolute; Acsolutes; Cnt; Point in time; Random; Blood; WB; Whole blood; Quantitative; QNT; Quant; Quan; HEMATOLOGY/CELL COUNTS; HEMATOLOGY/CELL COUNTS
Hemograma,Plaquetas,26515-7,Platelets [#/volume] in Blood,Platelet # Bld,Platelets (Bld) [#/Vol],Platelets,NCnc,Pt,Bld,Qn,,HEM/BC,ACTIVE,10*3/uL,71,Plaquetas,NCnc,Pt,SgTotal,Qn,,plaqueta # Sg,; Platelet; Plt; Thrombocytes; Platelt; Thrb; Thrombocyte; #; Number concentration; Count/mass; Count; AcS; CT; Acsolute; Acsolutes; Cnt; Point in time; Random; Blood; WB; Whole blood; Quantitative; QNT; Quant; Quan; HEMATOLOGY/CELL COUNTS; HEMATOLOGY/CELL COUNTS; Platelet count
Hemograma,VCM,30428-7,MCV [Entitic mean volume] in Red Blood Cells,MCV RBC,MCV (RBC) [Entitic mean vol],Observation,EntMeanVol,Pt,RBC,Qn,,HEM/BC,ACTIVE,fL,97,Volume Corpuscular Médio do eritrócito,EntVol,Pt,Eritroc,Qn,,MCV RBC,; Vol; MCV; Erythrocytes; Red blood corpusles; Red blood corpuscle; Red blood cell; Red cell; Red cells; Discocyte; Erc; Red blood cells; Entitic volume; Point in time; Random; Quantitative; QNT; Quant; Quan; Average; Avg; HEMATOLOGY/CELL COUNTS; HEMATOLOGY/CELL COUNTS
Hemograma,HCM,28539-5,MCH [Entitic mass],MCH RBC Qn,MCH (RBC) [Entitic mass],Hemoglobin,EntMass,Pt,RBC,Qn,,HEM/BC,ACTIVE,pg,104,Hemoglobina eritrocitária Corpuscular Média,EntMass,Pt,Eritroc,Qn,,MCH RBC Qn,; Hgb; Hb; Haemoglobin; MCH; Erythrocytes; Red blood corpusles; Red blood corpuscle; Red blood cell; Red cell; Red cells; Discocyte; Erc; Red blood cells; Entitic mass; Point in time; Random; Quantitative; QNT; Quant; Quan; Average; Avg; HEMATOLOGY/CELL COUNTS; HEMATOLOGY/CELL COUNTS
Hemograma,CHCM,28540-3,MCHC [Entitic Mass/volume] in Red Blood Cells,MCHC RBC-EntMCnc,MCHC (RBC) [Entitic Mass/Vol],Hemoglobin,EntMCnc,Pt,RBC,Qn,,HEM/BC,ACTIVE,g/dL,113,Concentração de Hemoglobina eritrocitária Corpuscular Média,MCnc,Pt,Eritroc,Qn,,MCHC RBC-mCnc,; Hgb; Hb; Haemoglobin; MCHC; MCH; Erythrocytes; Red blood corpusles; Red blood corpuscle; Red blood cell; Red cell; Red cells; Discocyte; Erc; Red blood cells; Mass concentration; Level; Point in time; Random; Quantitative; QNT; Quant; Quan; Average; Avg; HEMATOLOGY/CELL COUNTS; HEMATOLOGY/CELL COUNTS
Hemograma,RDW,30385-9,Erythrocyte [DistWidth] in Blood,Erythrocyte DistWidth Bld,Erythrocyte (Bld) [DistWidth],Erythrocyte,DistWidth,Pt,Bld,Qn,,HEM/BC,ACTIVE,%,96,Amplitude de distribuição do tamanho dos eritrócitos,Ratio,Pt,Eritroc,Qn,,RDW RBC-Rto,; RDW; Erythrocyte morphology index; RCMI; Erythrocytes; Red blood corpusles; Red blood corpuscle; Red blood cell; Red cell; Red cells; Discocyte; Erc; Red blood cells; Rto; Point in time; Random; Quantitative; QNT; Quant; Quan; HEMATOLOGY/CELL COUNTS; HEMATOLOGY/CELL COUNTS; RDW-CV
Hemograma,Neutrofilos (absoluto),26499-4,Neutrophils [#/volume] in Blood,Neutrophils # Bld,Neutrophils (Bld) [#/Vol],Neutrophils,NCnc,Pt,Bld,Qn,,HEM/BC,ACTIVE,10*3/uL,118,Neutrófilos,NCnc,Pt,SgTotal,Qn,,Neutrophils # Sg,PNM; Neutrophil; Neutr; PMN; Neut; #; Number concentration; Count/mass; Count; AcS; CT; Acsolute; Acsolutes; Cnt; Point in time; Random; Blood; WB; Whole blood; Quantitative; QNT; Quant; Quan; HEMATOLOGY/CELL COUNTS; HEMATOLOGY/CELL COUNTS
Hemograma,Neutrofilos (%),26511-6,Neutrophils/Leukocytes in Blood,Neutrophils NFr Bld,Neutrophils/Leukocytes (Bld),Neutrophils/Leukocytes,NFr,Pt,Bld,Qn,,HEM/BC,ACTIVE,%,182,Neutrófilos/100 leucócitos,NFr,Pt,SgTotal,Qn,,Neutrophils Fr Sg,PNM; Neutrophil; Neutr; PMN; Neut; Leucoc; White blood cell; Leuc; Leuk; Leukocyte; Lkcs; White blood cells; Leucocs; 100Leucoc; Fr; Number fraction; Percent; Point in time; Random; Blood; WB; Whole blood; Quantitative; QNT; Quant; Quan; HEMATOLOGY/CELL COUNTS; HEMATOLOGY/CELL COUNTS
Hemograma,Linfocitos (absoluto),26474-7,Lymphocytes [#/volume] in Blood,Lymphocytes # Bld,Lymphocytes (Bld) [#/Vol],Lymphocytes,NCnc,Pt,Bld,Qn,,HEM/BC,ACTIVE,10*3/uL,112,Linfócitos,NCnc,Pt,SgTotal,Qn,,Lymphocytes # Sg,Lymphs; Lymph; Lymphocyte; Lympho; Lymphs%; Lymp; #; Number concentration; Count/mass; Count; AcS; CT; Acsolute; Acsolutes; Cnt; Point in time; Random; Blood; WB; Whole blood; Quantitative; QNT; Quant; Quan; HEMATOLOGY/CELL COUNTS; HEMATOLOGY/CELL COUNTS
Hemograma,Linfocitos (%),26478-8,Lymphocytes/Leukocytes in Blood,Lymphocytes NFr Bld,Lymphocytes/Leukocytes (Bld),Lymphocytes/Leukocytes,NFr,Pt,Bld,Qn,,HEM/BC,ACTIVE,%,67,Linfócitos/100 leucócitos,NFr,Pt,SgTotal,Qn,,Lymphocytes Fr Sg,Lymphs; Lymph; Lymphocyte; Lympho; Lymphs%; Lymp; Leucoc; White blood cell; Leuc; Leuk; Leukocyte; Lkcs; White blood cells; Leucocs; 100Leucoc; Fr; Number fraction; Percent; Point in time; Random; Blood; WB; Whole blood; Quantitative; QNT; Quant; Quan; HEMATOLOGY/CELL COUNTS; HEMATOLOGY/CELL COUNTS
Hemograma,Monocitos (absoluto),26484-6,Monocytes [#/volume] in Blood,Monocytes # Bld,Monocytes (Bld) [#/Vol],Monocytes,NCnc,Pt,Bld,Qn,,HEM/BC,ACTIVE,10*3/uL,111,Monócitos,NCnc,Pt,SgTotal,Qn,,Monocytes # Sg,Monos; Mono; Monocyte; #; Number concentration; Count/mass; Count; AcS; CT; Acsolute; Acsolutes; Cnt; Point in time; Random; Blood; WB; Whole blood; Quantitative; QNT; Quant; Quan; HEMATOLOGY/CELL COUNTS; HEMATOLOGY/CELL COUNTS
Hemograma,Monocitos (%),26485-3,Monocytes/Leukocytes in Blood,Monocytes NFr Bld,Monocytes/Leukocytes (Bld),Monocytes/Leukocytes,NFr,Pt,Bld,Qn,,HEM/BC,ACTIVE,%,70,Monócitos/100 leucócitos,NFr,Pt,SgTotal,Qn,,Monocytes Fr Sg,Monos; Mono; Monocyte; Leucoc; White blood cell; Leuc; Leuk; Leukocyte; Lkcs; White blood cells; Leucocs; 100Leucoc; Fr; Number fraction; Percent; Point in time; Random; Blood; WB; Whole blood; Quantitative; QNT; Quant; Quan; HEMATOLOGY/CELL COUNTS; HEMATOLOGY/CELL COUNTS
Hemograma,Eosinofilos (absoluto),26449-9,Eosinophils [#/volume] in Blood,Eosinophil # Bld,Eosinophils (Bld) [#/Vol],Eosinophils,NCnc,Pt,Bld,Qn,,HEM/BC,ACTIVE,10*3/uL,110,Eosinófilos,NCnc,Pt,SgTotal,Qn,,Eosinophil # Sg,; Eosinophil; Eos; Eosins; Eosin; Eosino; #; Number concentration; Count/mass; Count; AcS; CT; Acsolute; Acsolutes; Cnt; Point in time; Random; Blood; WB; Whole blood; Quantitative; QNT; Quant; Quan; HEMATOLOGY/CELL COUNTS; HEMATOLOGY/CELL COUNTS
Hemograma,Eosinofilos (%),26450-7,Eosinophils/Leukocytes in Blood,Eosinophil NFr Bld,Eosinophils/Leukocytes (Bld),Eosinophils/Leukocytes,NFr,Pt,Bld,Qn,,HEM/BC,ACTIVE,%,72,Eosinófilos/100 leucócitos,NFr,Pt,SgTotal,Qn,,Eosinophil Fr Sg,; Eosinophil; Eos; Eosins; Eosin; Eosino; Leucoc; White blood cell; Leuc; Leuk; Leukocyte; Lkcs; White blood cells; Leucocs; 100Leucoc; Fr; Number fraction; Percent; Point in time; Random; Blood; WB; Whole blood; Quantitative; QNT; Quant; Quan; HEMATOLOGY/CELL COUNTS; HEMATOLOGY/CELL COUNTS
Hemograma,Basofilos (absoluto),26444-0,Basophils [#/volume] in Blood,Basophils # Bld,Basophils (Bld) [#/Vol],Basophils,NCnc,Pt,Bld,Qn,,HEM/BC,ACTIVE,10*3/uL,212,Basófilos,NCnc,Pt,SgTotal,Qn,,Basophils # Sg,Baso; Basos; Basophil; Bph; #; Number concentration; Count/mass; Count; AcS; CT; Acsolute; Acsolutes; Cnt; Point in time; Random; Blood; WB; Whole blood; Quantitative; QNT; Quant; Quan; HEMATOLOGY/CELL COUNTS; HEMATOLOGY/CELL COUNTS
Hemograma,Basofilos (%),30180-4,Basophils/Leukocytes in Blood,Basophils NFr Bld,Basophils/Leukocytes (Bld),Basophils/Leukocytes,NFr,Pt,Bld,Qn,,HEM/BC,ACTIVE,%,75,Basófilos/100 leucócitos,NFr,Pt,SgTotal,Qn,,Basophils Fr Sg,Baso; Basos; Basophil; Bph; Leucoc; White blood cell; Leuc; Leuk; Leukocyte; Lkcs; White blood cells; Leucocs; 100Leucoc; Fr; Number fraction; Percent; Point in time; Random; Blood; WB; Whole blood; Quantitative; QNT; Quant; Quan; HEMATOLOGY/CELL COUNTS; HEMATOLOGY/CELL COUNTS
Lipidico,Colesterol total,2093-3,Cholesterol [Mass/volume] in Serum or Plasma,Cholest SerPl-mCnc,Cholesterol [Mass/Vol],Cholesterol,MCnc,Pt,Ser/Plas,Qn,,CHEM,ACTIVE,mg/dL,61,Colesterol,MCnc,Pt,Sor/Plas,Qn,,Colest SerPl-mCnc,; Cholest; Chol; Choles; Lipid; Cholesterol total; Cholesterols; Mass concentration; Level; Point in time; Random; SerPl; SerPlas; SerP; Serum; SR; Plasma; Pl; Plsm; Quantitative; QNT; Quant; Quan; Chemistry
Lipidico,HDL,2085-9,Cholesterol in HDL [Mass/volume] in Serum or Plasma,HDLc SerPl-mCnc,Cholesterol in HDL [Mass/Vol],Cholesterol.in HDL,MCnc,Pt,Ser/Plas,Qn,,CHEM,ACTIVE,mg/dL,63,Colesterol.HDL,MCnc,Pt,Sor/Plas,Qn,,HDLc SerPl-mCnc,; HDLc; TCHHDL; HDL-C; High density lipoprotein cholesterols; Chol; Choles; Cholest; Lipid; Cholesterol total; Cholesterols; Mass concentration; Level; Point in time; Random; SerPl; SerPlas; SerP; Serum; SR; Plasma; Pl; Plsm; Quantitative; QNT; Quant; Quan; Chemistry
Lipidico,LDL,2089-1,Cholesterol in LDL [Mass/volume] in Serum or Plasma,LDLc SerPl-mCnc,Cholesterol in LDL [Mass/Vol],Cholesterol.in LDL,MCnc,Pt,Ser/Plas,Qn,,CHEM,ACTIVE,mg/dL,263,Colesterol.LDL,MCnc,Pt,Sor/Plas,Qn,,LDLc SerPl-mCnc,; LDLc; LDL-C; Low density lipoprotein cholesterols; Low density lipoprotein cholesterol; Chol; Choles; Cholest; Lipid; Cholesterol total; Cholesterols; Mass concentration; Level; Point in time; Random; SerPl; SerPlas; SerP; Serum; SR; Plasma; Pl; Plsm; Quantitative; QNT; Quant; Quan; Chemistry
Lipidico,VLDL,2091-7,Cholesterol in VLDL [Mass/volume] in Serum or Plasma,VLDLc SerPl-mCnc,Cholesterol in VLDL [Mass/Vol],Cholesterol.in VLDL,MCnc,Pt,Ser/Plas,Qn,,CHEM,ACTIVE,mg/dL,506,Colesterol.VLDL,MCnc,Pt,Sor/Plas,Qn,,VLDLc SerPl-mCnc,; VLDLc; Very low density lipoprotein cholesterols; Chol; Choles; Cholest; Lipid; Cholesterol total; Cholesterols; Mass concentration; Level; Point in time; Random; SerPl; SerPlas; SerP; Serum; SR; Plasma; Pl; Plsm; Quantitative; QNT; Quant; Quan; Chemistry
Lipidico,Triglicerides,2571-8,Triglyceride [Mass/volume] in Serum or Plasma,Trigl SerPl-mCnc,Triglyceride [Mass/Vol],Triglyceride,MCnc,Pt,Ser/Plas,Qn,,CHEM,ACTIVE,mg/dL,66,Triglicérides,MCnc,Pt,Sor/Plas,Qn,,Trigl SerPl-mCnc,; Trigl; TG; Trigly; Triglycrides; Trig; Triglycerides; Mass concentration; Level; Point in time; Random; SerPl; SerPlas; SerP; Serum; SR; Plasma; Pl; Plsm; Quantitative; QNT; Quant; Quan; Chemistry
Lipidico,Colesterol nao-HDL,43396-1,Cholesterol non HDL [Mass/volume] in Serum or Plasma,NonHDLc SerPl-mCnc,Cholesterol non HDL [Mass/Vol],Cholesterol.non HDL,MCnc,Pt,Ser/Plas,Qn,,CHEM,ACTIVE,mg/dL,116,Colesterol.não HDL,MCnc,Pt,Sor/Plas,Qn,,NonHDLc SerPl-mCnc,; NonHDLc; LDL + IDL + VLDL; Cholest; Chol; Choles; Lipid; Cholesterol total; Cholesterols; Mass concentration; Level; Point in time; Random; SerPl; SerPlas; SerP; Serum; SR; Plasma; Pl; Plsm; Quantitative; QNT; Quant; Quan; Chemistry
Glicemia,Glicose,2345-7,Glucose [Mass/volume] in Serum or Plasma,Glucose SerPl-mCnc,Glucose [Mass/Vol],Glucose,MCnc,Pt,Ser/Plas,Qn,,CHEM,ACTIVE,mg/dL,6,Glicose,MCnc,Pt,Sor/Plas,Qn,,Glicose SerPl-mCnc,Glu; Gluc; Glucoseur; Mass concentration; Level; Point in time; Random; SerPl; SerPlas; SerP; Serum; SR; Plasma; Pl; Plsm; Quantitative; QNT; Quant; Quan; Chemistry
Glicemia,Hemoglobina glicada,4548-4,Hemoglobin A1c/Hemoglobin.total in Blood,HbA1c MFr Bld,HbA1c (Bld) [Mass fraction],Hemoglobin A1c/Hemoglobin.total,MFr,Pt,Bld,Qn,,CHEM,ACTIVE,%,88,Hemoglobina A1c/Hemoglobina.total,SFr,Pt,SgTotal,Qn,,Hgb A1c SFr Sg,; Hgb A1c; Glycohemogolobin; Glycohaemogolobin; GHb; HA1c; HBA1c; Glycated hemoglobin; Glycosylated hemoglobin; Hb; Haemoglobin; Substance fraction; Percent; Point in time; Random; Blood; WB; Whole blood; Quantitative; QNT; Quant; Quan; Tot; Totl; HEMATOLOGY/CELL COUNTS; HEMATOLOGY/CELL COUNTS
Glicemia,Insulina,20448-7,Insulin [Units/volume] in Serum or Plasma,Insulin SerPl-aCnc,Insulin Qn,Insulin,ACnc,Pt,Ser/Plas,Qn,,CHEM,ACTIVE,u[IU]/mL,864,Insulina,ACnc,Pt,Sor/Plas,Qn,,Insulin SerPl-aCnc,Insul; Humulin; HUM; IH7; Lente; NPH; Semilente; Ultralente; Sliding; Arbitrary concentration; Point in time; Random; SerPl; SerPlas; SerP; Serum; SR; Plasma; Pl; Plsm; Quantitative; QNT; Quant; Quan; Chemistry
Glicemia,Peptideo C,1986-9,C peptide [Mass/volume] in Serum or Plasma,C peptide SerPl-mCnc,C peptide [Mass/Vol],C peptide,MCnc,Pt,Ser/Plas,Qn,,CHEM,ACTIVE,ng/mL,875,Peptídeo C,MCnc,Pt,Sor/Plas,Qn,,C peptide SerPl-mCnc,Connecting peptide of insulin; Pro-insulin c peptide; Mass concentration; Level; Point in time; Random; SerPl; SerPlas; SerP; Serum; SR; Plasma; Pl; Plsm; Quantitative; QNT; Quant; Quan; Pept; Chemistry
Renal,Creatinina,2160-0,Creatinine [Mass/volume] in Serum or Plasma,Creat SerPl-mCnc,Creatinine [Mass/Vol],Creatinine,MCnc,Pt,Ser/Plas,Qn,,CHEM,ACTIVE,mg/dL,4,Creatinina,MCnc,Pt,Sor/Plas,Qn,,Creat SerPl-mCnc,; Creat; CR; Mass concentration; Level; Point in time; Random; SerPl; SerPlas; SerP; Serum; SR; Plasma; Pl; Plsm; Quantitative; QNT; Quant; Quan; Chemistry
Renal,Ureia,3091-6,Urea [Mass/volume] in Serum or Plasma,Urea SerPl-mCnc,Urea [Mass/Vol],Urea,MCnc,Pt,Ser/Plas,Qn,,CHEM,ACTIVE,mg/dL,1025,Uréia,MCnc,Pt,Sor/Plas,Qn,,Urea SerPl-mCnc,Mass concentration; Level; Point in time; Random; SerPl; SerPlas; SerP; Serum; SR; Plasma; Pl; Plsm; Quantitative; QNT; Quant; Quan; Chemistry
Renal,Acido urico,3084-1,Urate [Mass/volume] in Serum or Plasma,Urate SerPl-mCnc,Urate [Mass/Vol],Urate,MCnc,Pt,Ser/Plas,Qn,,CHEM,ACTIVE,mg/dL,181,Urato,MCnc,Pt,Sor/Plas,Qn,,Urate SerPl-mCnc,UA; Urates; Uric acid; Mass concentration; Level; Point in time; Random; SerPl; SerPlas; SerP; Serum; SR; Plasma; Pl; Plsm; Quantitative; QNT; Quant; Quan; Chemistry
Renal,Albumina urinaria,1754-1,Albumin [Mass/volume] in Urine,Albumin Ur-mCnc,Albumin (U) [Mass/Vol],Albumin,MCnc,Pt,Urine,Qn,,CHEM,ACTIVE,g/dL,272,Albumina,MCnc,Pt,Urina,Qn,,Albumin Ur-mCnc,Protein.albumin; Alb; Mass concentration; Level; Point in time; Random; Ur; UR; Urn; UA; Quantitative; QNT; Quant; Quan; Chemistry
Hepatica,ALT (TGP),1742-6,Alanine aminotransferase [Enzymatic activity/volume] in Serum or Plasma,ALT SerPl-cCnc,ALT [Catalytic activity/Vol],Alanine aminotransferase,CCnc,Pt,Ser/Plas,Qn,,CHEM,ACTIVE,U/L,24,Alanina aminotransferase,CCnc,Pt,Sor/Plas,Qn,,ALT SerPl-cCnc,; ALT; Glutamic-pyruvic transferase; SGPT; Alanine transaminase; Ala; L-alanine; Alpha alanine; Catalytic Concentration; Point in time; Random; SerPl; SerPlas; SerP; Serum; SR; Plasma; Pl; Plsm; Quantitative; QNT; Quant; Quan; Chemistry
Hepatica,AST (TGO),1920-8,Aspartate aminotransferase [Enzymatic activity/volume] in Serum or Plasma,AST SerPl-cCnc,AST [Catalytic activity/Vol],Aspartate aminotransferase,CCnc,Pt,Ser/Plas,Qn,,CHEM,ACTIVE,U/L,27,Aspartato amino transferase,CCnc,Pt,Sor/Plas,Qn,,AST SerPl-cCnc,; AST; Aspartate amino transferase; Glutamic oxaloacetic transaminase; Aspartate transaminase; SGOT; Asp; Aspartic acid; Catalytic Concentration; Point in time; Random; SerPl; SerPlas; SerP; Serum; SR; Plasma; Pl; Plsm; Quantitative; QNT; Quant; Quan; Chemistry
Hepatica,Gama-GT,2324-2,Gamma glutamyl transferase [Enzymatic activity/volume] in Serum or Plasma,GGT SerPl-cCnc,Gamma glutamyl transferase [Catalytic activity/Vol],Gamma glutamyl transferase,CCnc,Pt,Ser/Plas,Qn,,CHEM,ACTIVE,U/L,274,Gama Glutamil Transferase,CCnc,Pt,Sor/Plas,Qn,,GGT SerPl-cCnc,; GGT; Gamma-GTP; GGTP; Gamma glutamyl transpeptidase; Catalytic Concentration; Point in time; Random; SerPl; SerPlas; SerP; Serum; SR; Plasma; Pl; Plsm; Quantitative; QNT; Quant; Quan; GT; Chemistry
Hepatica,Fosfatase alcalina,6768-6,Alkaline phosphatase [Enzymatic activity/volume] in Serum or Plasma,ALP SerPl-cCnc,ALP [Catalytic activity/Vol],Alkaline phosphatase,CCnc,Pt,Ser/Plas,Qn,,CHEM,ACTIVE,U/L,26,Fosfatase alcalina,CCnc,Pt,Sor/Plas,Qn,,ALP SerPl-cCnc,; ALP; Alk phos; Alkaline phos; ALKP; AP; Alkaline phosphatase.total; Catalytic Concentration; Point in time; Random; SerPl; SerPlas; SerP; Serum; SR; Plasma; Pl; Plsm; Quantitative; QNT; Quant; Quan; Phos; Phosphtase; Chemistry
Hepatica,Bilirrubina total,1975-2,Bilirubin.total [Mass/volume] in Serum or Plasma,Bilirub SerPl-mCnc,Bilirubin [Mass/Vol],Bilirubin,MCnc,Pt,Ser/Plas,Qn,,CHEM,ACTIVE,mg/dL,22,Bilirrubina,MCnc,Pt,Sor/Plas,Qn,,Bilirub SerPl-mCnc,; Bilirub; Bili; TBIL; Bilirubins; Mass concentration; Level; Point in time; Random; SerPl; SerPlas; SerP; Serum; SR; Plasma; Pl; Plsm; Quantitative; QNT; Quant; Quan; Chemistry
Hepatica,Bilirrubina direta,1968-7,Bilirubin.direct [Mass/volume] in Serum or Plasma,Bilirub Direct SerPl-mCnc,Bilirubin.direct [Mass/Vol],Bilirubin.glucuronidated+Bilirubin.albumin bound,MCnc,Pt,Ser/Plas,Qn,,CHEM,ACTIVE,mg/dL,131,Bilirrubina.glicuronizada+Bilirrubina.ligada a albumina,MCnc,Pt,Sor/Plas,Qn,,Bilirub Direct SerPl-mCnc,; Bilirub Direct; TBIL-Bu; Bilirubin direct; Bilirub Conj; Bc; Bilirubin glucuronides; Bilirubin conjugated; Bilirub Delta; Bili.delta; DeltAc; TBIL-(Bu+Bc); Bili-alb; Delta bilirubin; Bili; TBIL; Bilirubins; Protein.albumin; Alb; Mass concentration; Level; Point in time; Random; SerPl; SerPlas; SerP; Serum; SR; Plasma; Pl; Plsm; Quantitative; QNT; Quant; Quan; bnd; Associated; Chemistry
Hepatica,Bilirrubina indireta,1971-1,Bilirubin.indirect [Mass/volume] in Serum or Plasma,Bilirub Indirect SerPl-mCnc,Bilirubin.indirect [Mass/Vol],Bilirubin.non-glucuronidated,MCnc,Pt,Ser/Plas,Qn,,CHEM,ACTIVE,mg/dL,183,Bilirrubina.não glicuronizada,MCnc,Pt,Sor/Plas,Qn,,Bilirub Indirect SerPl-mCnc,; Bilirub Indirect; Bu; Bilirubin indirect; Bilirubin primary; Bilirubin non-conjugated; Bilirubin unconjugated; Bili; TBIL; Bilirubins; Mass concentration; Level; Point in time; Random; SerPl; SerPlas; SerP; Serum; SR; Plasma; Pl; Plsm; Quantitative; QNT; Quant; Quan; Chemistry
Hepatica,Albumina,1751-7,Albumin [Mass/volume] in Serum or Plasma,Albumin SerPl-mCnc,Albumin [Mass/Vol],Albumin,MCnc,Pt,Ser/Plas,Qn,,CHEM,ACTIVE,g/dL,39,Albumina,MCnc,Pt,Sor/Plas,Qn,,Albumin SerPl-mCnc,Protein.albumin; Alb; Mass concentration; Level; Point in time; Random; SerPl; SerPlas; SerP; Serum; SR; Plasma; Pl; Plsm; Quantitative; QNT; Quant; Quan; Chemistry
Hepatica,Proteinas totais,2885-2,Protein [Mass/volume] in Serum or Plasma,Prot SerPl-mCnc,Protein [Mass/Vol],Protein,MCnc,Pt,Ser/Plas,Qn,,CHEM,ACTIVE,g/dL,23,Proteína,MCnc,Pt,Sor/Plas,Qn,,Prot SerPl-mCnc,; Prot; PR; Mass concentration; Level; Point in time; Random; SerPl; SerPlas; SerP; Serum; SR; Plasma; Pl; Plsm; Quantitative; QNT; Quant; Quan; Chemistry
Eletrolitos,Sodio,2951-2,Sodium [Moles/volume] in Serum or Plasma,Sodium SerPl-sCnc,Sodium [Moles/Vol],Sodium,SCnc,Pt,Ser/Plas,Qn,,CHEM,ACTIVE,mmol/L,5,Sódio,SCnc,Pt,Sor/Plas,Qn,,Sodium SerPl-sCnc,Na; Substance concentration; Level; Point in time; Random; SerPl; SerPlas; SerP; Serum; SR; Plasma; Pl; Plsm; Quantitative; QNT; Quant; Quan; Chemistry
Eletrolitos,Potassio,2823-3,Potassium [Moles/volume] in Serum or Plasma,Potassium SerPl-sCnc,Potassium [Moles/Vol],Potassium,SCnc,Pt,Ser/Plas,Qn,,CHEM,ACTIVE,mmol/L,7,Potássio,SCnc,Pt,Sor/Plas,Qn,,Potássio SerPl-sCnc,K+; Potass; K; Substance concentration; Level; Point in time; Random; SerPl; SerPlas; SerP; Serum; SR; Plasma; Pl; Plsm; Quantitative; QNT; Quant; Quan; Chemistry
Eletrolitos,Cloro,2075-0,Chloride [Moles/volume] in Serum or Plasma,Chloride SerPl-sCnc,Chloride [Moles/Vol],Chloride,SCnc,Pt,Ser/Plas,Qn,,CHEM,ACTIVE,mmol/L,8,Cloreto,SCnc,Pt,Sor/Plas,Qn,,Chloride SerPl-sCnc,Cl-; Cl; Substance concentration; Level; Point in time; Random; SerPl; SerPlas; SerP; Serum; SR; Plasma; Pl; Plsm; Quantitative; QNT; Quant; Quan; Chemistry
Eletrolitos,Calcio total,17861-6,Calcium [Mass/volume] in Serum or Plasma,Calcium SerPl-mCnc,Calcium [Mass/Vol],Calcium,MCnc,Pt,Ser/Plas,Qn,,CHEM,ACTIVE,mg/dL,10,Cálcio,MCnc,Pt,Sor/Plas,Qn,,Cálcio SerPl-mCnc,Cal; Ca; Mass concentration; Level; Point in time; Random; SerPl; SerPlas; SerP; Serum; SR; Plasma; Pl; Plsm; Quantitative; QNT; Quant; Quan; Chemistry
Eletrolitos,Calcio ionico,1995-0,Calcium.ionized [Moles/volume] in Serum or Plasma,Ca-I SerPl-sCnc,Calcium.ionized [Moles/Vol],Calcium.ionized,SCnc,Pt,Ser/Plas,Qn,,CHEM,ACTIVE,mmol/L,637,Cálcio.ionizado,SCnc,Pt,Sor/Plas,Qn,,Ca-I SerPl-sCnc,; Ca-I; Calcium free; iCa; Calcium active; Coagulation factor I; Cal; Ca; Substance concentration; Level; Point in time; Random; SerPl; SerPlas; SerP; Serum; SR; Plasma; Pl; Plsm; Quantitative; QNT; Quant; Quan; Ion; Chemistry
Eletrolitos,Magnesio,19123-9,Magnesium [Mass/volume] in Serum or Plasma,Magnesium SerPl-mCnc,Magnesium [Mass/Vol],Magnesium,MCnc,Pt,Ser/Plas,Qn,,CHEM,ACTIVE,mg/dL,51,Magnésio,MCnc,Pt,Sor/Plas,Qn,,Magnesium SerPl-mCnc,MAG; Magnes; Mg; Mass concentration; Level; Point in time; Random; SerPl; SerPlas; SerP; Serum; SR; Plasma; Pl; Plsm; Quantitative; QNT; Quant; Quan; Chemistry
Eletrolitos,Fosforo,2777-1,Phosphate [Mass/volume] in Serum or Plasma,Phosphate SerPl-mCnc,Phosphate [Mass/Vol],Phosphate,MCnc,Pt,Ser/Plas,Qn,,CHEM,ACTIVE,mg/dL,55,Fósforo,MCnc,Pt,Sor/Plas,Qn,,Phosphate SerPl-mCnc,Phos; Phosphrous; Phosphorous; Pi; i Phos; PO4; Phosphorus; Inorganic phosphate; Phosphate total; Mass concentration; Level; Point in time; Random; SerPl; SerPlas; SerP; Serum; SR; Plasma; Pl; Plsm; Quantitative; QNT; Quant; Quan; Chemistry
Tireoide,TSH,3016-3,Thyrotropin [Units/volume] in Serum or Plasma,TSH SerPl-aCnc,TSH Qn,Thyrotropin,ACnc,Pt,Ser/Plas,Qn,,CHEM,ACTIVE,m[IU]/L,100,Tirotropina,ACnc,Pt,Sor/Plas,Qn,,TSH SerPl-aCnc,; TSH; Thyrotropic hormone; Thyroid stimulating hormone; Arbitrary concentration; Point in time; Random; SerPl; SerPlas; SerP; Serum; SR; Plasma; Pl; Plsm; Quantitative; QNT; Quant; Quan; Chemistry
Tireoide,T4 livre,3024-7,Thyroxine (T4) free [Mass/volume] in Serum or Plasma,T4 Free SerPl-mCnc,Free T4 [Mass/Vol],Thyroxine.free,MCnc,Pt,Ser/Plas,Qn,,CHEM,ACTIVE,ng/dL,134,Tiroxina.livre,MCnc,Pt,Sor/Plas,Qn,,T4 Free SerPl-mCnc,; T4 Free; T-4; FreeT4; Thyrox; Thyrx; Thyroxin; Levothyroxine; Levo-thyroxine; L-thyroxine; Mass concentration; Level; Point in time; Random; SerPl; SerPlas; SerP; Serum; SR; Plasma; Pl; Plsm; Quantitative; QNT; Quant; Quan; FT4; FR; Non-protein bound; Chemistry
Tireoide,T4 total,3026-2,Thyroxine (T4) [Mass/volume] in Serum or Plasma,T4 SerPl-mCnc,T4 [Mass/Vol],Thyroxine,MCnc,Pt,Ser/Plas,Qn,,CHEM,ACTIVE,ug/dL,394,Tiroxina,MCnc,Pt,Sor/Plas,Qn,,T4 SerPl-mCnc,; T4; T-4; Thyrox; Thyrx; Thyroxin; Levothyroxine; Levo-thyroxine; L-thyroxine; Mass concentration; Level; Point in time; Random; SerPl; SerPlas; SerP; Serum; SR; Plasma; Pl; Plsm; Quantitative; QNT; Quant; Quan; Chemistry
Tireoide,T3 livre,3051-0,Triiodothyronine (T3) Free [Mass/volume] in Serum or Plasma,T3Free SerPl-mCnc,Free T3 [Mass/Vol],Triiodothyronine.free,MCnc,Pt,Ser/Plas,Qn,,CHEM,ACTIVE,pg/mL,320,Triiodotironina.livre,MCnc,Pt,Sor/Plas,Qn,,T3Free SerPl-mCnc,; T3Free; Triodothyrne; T-3; FT3; T3; Mass concentration; Level; Point in time; Random; SerPl; SerPlas; SerP; Serum; SR; Plasma; Pl; Plsm; Quantitative; QNT; Quant; Quan; FR; Non-protein bound; Chemistry
Tireoide,T3 total,3053-6,Triiodothyronine (T3) [Mass/volume] in Serum or Plasma,T3 SerPl-mCnc,T3 [Mass/Vol],Triiodothyronine,MCnc,Pt,Ser/Plas,Qn,,CHEM,ACTIVE,ng/dL,482,Triiodotironina,MCnc,Pt,Sor/Plas,Qn,,T3 SerPl-mCnc,; T3; Triodothyrne; T-3; FT3; Mass concentration; Level; Point in time; Random; SerPl; SerPlas; SerP; Serum; SR; Plasma; Pl; Plsm; Quantitative; QNT; Quant; Quan; Chemistry
Tireoide,Anti-TPO,8099-4,Thyroperoxidase Ab [Units/volume] in Serum or Plasma,Thyroperoxidase Ab SerPl-aCnc,TPO Ab Qn,Thyroperoxidase Ab,ACnc,Pt,Ser/Plas,Qn,,SERO,ACTIVE,[IU]/mL,551,Tiroperoxidase Ac,ACnc,Pt,Soro,Qn,,Thyroperoxidase Ac Ser-aCnc,Thyroid Microsomal; Thyroid microsomes; Thyroid peroxidase; Iodide peroxidase; TPO; Arbitrary concentration; Point in time; Random; Serum; SR; Quantitative; QNT; Quant; Quan; Antibodies; Autoantibody; Antibody; Autoantibodies; Antby; Acy; Anti; Serology
Vitaminas,Vitamina D (25-OH),62292-8,25-Hydroxyvitamin D3+25-Hydroxyvitamin D2 [Mass/volume] in Serum or Plasma,25(OH)D3+25(OH)D2 SerPl-mCnc,25-hydroxyvitamin D [Mass/Vol],Calcidiol+ercalcidiol,MCnc,Pt,Ser/Plas,Qn,,CHEM,ACTIVE,ng/mL,194,25-Hidroxi vitamina D,,Pt,Soro/Plas,Qn,,,
Vitaminas,Vitamina B12,2132-9,Cobalamin (Vitamin B12) [Mass/volume] in Serum or Plasma,Vit B12 SerPl-mCnc,Cobalamin (Vitamin B12) [Mass/Vol],Cobalamins,MCnc,Pt,Ser/Plas,Qn,,CHEM,ACTIVE,pg/mL,155,Cobalaminas,MCnc,Pt,Soro,Qn,,Vit B12 Ser-mCnc,; Vit B12; Cbl; Vitamin B12; Cobalamin; Mass concentration; Level; Point in time; Random; Serum; SR; Quantitative; QNT; Quant; Quan; Chemistry
Vitaminas,Acido folico,2284-8,Folate [Mass/volume] in Serum or Plasma,Folate SerPl-mCnc,Folate [Mass/Vol],Folate,MCnc,Pt,Ser/Plas,Qn,,CHEM,ACTIVE,ng/mL,265,Folato,MCnc,Pt,Sor/Plas,Qn,,Folate SerPl-mCnc,Vit M; Pteroylglutamate; Folic acid; Vitamin M; Pteroylglutamic acid; Mass concentration; Level; Point in time; Random; SerPl; SerPlas; SerP; Serum; SR; Plasma; Pl; Plsm; Quantitative; QNT; Quant; Quan; Chemistry
Vitaminas,Vitamina C,1903-4,Ascorbate [Mass/volume] in Serum or Plasma,Vit C SerPl-mCnc,Ascorbate [Mass/Vol],Ascorbate,MCnc,Pt,Ser/Plas,Qn,,CHEM,ACTIVE,mg/dL,2502,Ascorbato,MCnc,Pt,Sor/Plas,Qn,,Vit C SerPl-mCnc,; Vit C; Vitamin C; Ascorbic acid; Mass concentration; Level; Point in time; Random; SerPl; SerPlas; SerP; Serum; SR; Plasma; Pl; Plsm; Quantitative; QNT; Quant; Quan; Chemistry
Vitaminas,Vitamina A,2923-1,Retinol [Mass/volume] in Serum or Plasma,Vit A SerPl-mCnc,Retinol [Mass/Vol],Retinol,MCnc,Pt,Ser/Plas,Qn,,CHEM,ACTIVE,ug/mL,1094,Retinol,MCnc,Pt,Sor/Plas,Qn,,Vit A SerPl-mCnc,; Vit A; Vit A1; Vitamin A alcohol; Vit A1 alcohol; Vit A alcohol; Axerophthol; Axerol; Biosterol; Vitamin A1; Mass concentration; Level; Point in time; Random; SerPl; SerPlas; SerP; Serum; SR; Plasma; Pl; Plsm; Quantitative; QNT; Quant; Quan; Chemistry
Vitaminas,Vitamina E,1823-4,Alpha tocopherol [Mass/volume] in Serum or Plasma,A-Tocopherol Vit E SerPl-mCnc,Alpha tocopherol [Mass/Vol],Alpha tocopherol,MCnc,Pt,Ser/Plas,Qn,,CHEM,ACTIVE,mg/L;mg/dL,970,Alfa tocoferol,MCnc,Pt,Sor/Plas,Qn,,A-Tocopherol Vit E SerPl-mCnc,; A-Tocopherol Vit E; Tocopherols; Mass concentration; Level; Point in time; Random; SerPl; SerPlas; SerP; Serum; SR; Plasma; Pl; Plsm; Quantitative; QNT; Quant; Quan; Vitamin E; Alfa; Chemistry
Ferro,Ferro serico,2498-4,Iron [Mass/volume] in Serum or Plasma,Iron SerPl-mCnc,Iron [Mass/Vol],Iron,MCnc,Pt,Ser/Plas,Qn,,CHEM,ACTIVE,ug/dL,175,Ferro,MCnc,Pt,Sor/Plas,Qn,,Iron SerPl-mCnc,Fe; Mass concentration; Level; Point in time; Random; SerPl; SerPlas; SerP; Serum; SR; Plasma; Pl; Plsm; Quantitative; QNT; Quant; Quan; Chemistry
Ferro,Ferritina,2276-4,Ferritin [Mass/volume] in Serum or Plasma,Ferritin SerPl-mCnc,Ferritin [Mass/Vol],Ferritin,MCnc,Pt,Ser/Plas,Qn,,CHEM,ACTIVE,ng/mL,151,Ferritina,MCnc,Pt,Sor/Plas,Qn,,Ferritin SerPl-mCnc,Mass concentration; Level; Point in time; Random; SerPl; SerPlas; SerP; Serum; SR; Plasma; Pl; Plsm; Quantitative; QNT; Quant; Quan; Chemistry
Ferro,Transferrina,3034-6,Transferrin [Mass/volume] in Serum or Plasma,Transferrin SerPl-mCnc,Transferrin [Mass/Vol],Transferrin,MCnc,Pt,Ser/Plas,Qn,,CHEM,ACTIVE,mg/dL,373,Transferrina,MCnc,Pt,Sor/Plas,Qn,,Transferrin SerPl-mCnc,Tf; Siderophilin; Trf; Mass concentration; Level; Point in time; Random; SerPl; SerPlas; SerP; Serum; SR; Plasma; Pl; Plsm; Quantitative; QNT; Quant; Quan; Chemistry
Ferro,Saturacao de transferrina,2502-3,Iron saturation [Mass Fraction] in Serum or Plasma,Iron Satn MFr SerPl,Iron saturation [Mass fraction],Iron saturation,MFr,Pt,Ser/Plas,Qn,,CHEM,ACTIVE,%,191,Saturação do ferro,MCrto,Pt,Sor/Plas,Qn,,Iron Satn SerPl-mRto,; Iron Satn; Fe; mRto; Mass concentration ratio; Point in time; Random; SerPl; SerPlas; SerP; Serum; SR; Plasma; Pl; Plsm; Quantitative; QNT; Quant; Quan; SAT; Chemistry
Ferro,Capacidade de ligacao do ferro,2500-7,Iron binding capacity [Mass/volume] in Serum or Plasma,TIBC SerPl-mCnc,Iron binding capacity [Mass/Vol],Iron binding capacity,MCnc,Pt,Ser/Plas,Qn,,CHEM,ACTIVE,ug/dL,192,Capacidade de ligação do ferro,MCnc,Pt,Sor/Plas,Qn,,TIBC SerPl-mCnc,; TIBC; IBC; Fe; Mass concentration; Level; Point in time; Random; SerPl; SerPlas; SerP; Serum; SR; Plasma; Pl; Plsm; Quantitative; QNT; Quant; Quan; Bind; Chemistry
Inflamacao,Proteina C reativa,1988-5,C reactive protein [Mass/volume] in Serum or Plasma,CRP SerPl-mCnc,CRP [Mass/Vol],C reactive protein,MCnc,Pt,Ser/Plas,Qn,,CHEM,ACTIVE,mg/L,128,Proteína C Reativa,MCnc,Pt,Sor/Plas,Qn,,CRP SerPl-mCnc,; Prot; PR; CRP; C reactive peptide; Mass concentration; Level; Point in time; Random; SerPl; SerPlas; SerP; Serum; SR; Plasma; Pl; Plsm; Quantitative; QNT; Quant; Quan; Reac; React; Chemistry
Inflamacao,VHS,30341-2,Erythrocyte [Sedimentation Rate] in Blood,Erythrocyte Sed Rat Bld,Erythrocyte (Bld) [Sedimentation Rate],Erythrocyte,Sedimentation Rate,Pt,Bld,Qn,,HEM/BC,ACTIVE,mm/h,280,Sedimentação de eritrócitos,Velocidade,Pt,SgTotal,Qn,,ESR Sg Qn,; ESR; E.S.R.; Sed rate; Erythrocytes; Red blood corpusles; Red blood corpuscle; Red blood cell; Red cell; Red cells; Discocyte; Erc; Red blood cells; RBC; Velocity; Point in time; Random; Blood; WB; Whole blood; Quantitative; QNT; Quant; Quan; HEMATOLOGY/CELL COUNTS; HEMATOLOGY/CELL COUNTS
Inflamacao,PSA total,2857-1,Prostate specific Ag [Mass/volume] in Serum or Plasma,PSA SerPl-mCnc,Prostate specific Ag [Mass/Vol],Prostate specific Ag,MCnc,Pt,Ser/Plas,Qn,,CHEM,ACTIVE,ng/mL,177,Prostático Específico Ag,MCnc,Pt,Sor/Plas,Qn,,PSA SerPl-mCnc,; PSA; Kallikrein 3; Mass concentration; Level; Point in time; Random; SerPl; SerPlas; SerP; Serum; SR; Plasma; Pl; Plsm; Quantitative; QNT; Quant; Quan; Antigen; Antigens; Spec; Chemistry
Inflamacao,PSA livre,10886-0,Prostate Specific Ag Free [Mass/volume] in Serum or Plasma,PSA Free SerPl-mCnc,Free PSA [Mass/Vol],Prostate specific Ag.free,MCnc,Pt,Ser/Plas,Qn,,CHEM,ACTIVE,ng/mL,795,Prostático Específico Ag.livre,MCnc,Pt,Sor/Plas,Qn,,PSA Free SerPl-mCnc,; PSA Free; fPSA; Kallikrein 3; Mass concentration; Level; Point in time; Random; SerPl; SerPlas; SerP; Serum; SR; Plasma; Pl; Plsm; Quantitative; QNT; Quant; Quan; Antigen; Antigens; Spec; FR; Non-protein bound; Chemistry
Hormonios,Testosterona total,2986-8,Testosterone [Mass/volume] in Serum or Plasma,Testost SerPl-mCnc,Testosterone [Mass/Vol],Testosterone,MCnc,Pt,Ser/Plas,Qn,,CHEM,ACTIVE,ng/dL,309,Testosterona,MCnc,Pt,Sor/Plas,Qn,,Testost SerPl-mCnc,; Testost; Testos; Mass concentration; Level; Point in time; Random; SerPl; SerPlas; SerP; Serum; SR; Plasma; Pl; Plsm; Quantitative; QNT; Quant; Quan; Chemistry
Hormonios,Testosterona livre,2991-8,Testosterone Free [Mass/volume] in Serum or Plasma,Testost Free SerPl-mCnc,Testosterone Free [Mass/Vol],Testosterone.free,MCnc,Pt,Ser/Plas,Qn,,CHEM,ACTIVE,pg/mL,492,Testosterona.livre,MCnc,Pt,Sor/Plas,Qn,,Testost Free SerPl-mCnc,; Testost Free; Testosterone.unconjugated; Testos; Mass concentration; Level; Point in time; Random; SerPl; SerPlas; SerP; Serum; SR; Plasma; Pl; Plsm; Quantitative; QNT; Quant; Quan; FR; Non-protein bound; Chemistry
Hormonios,Cortisol,2143-6,Cortisol [Mass/volume] in Serum or Plasma,Cortis SerPl-mCnc,Cortisol [Mass/Vol],Cortisol,MCnc,Pt,Ser/Plas,Qn,,CHEM,ACTIVE,ug/dL,475,Cortisol,MCnc,Pt,Sor/Plas,Qn,,Cortis SerPl-mCnc,; Cortis; Coritsol; Compound F; 17-Hydroxycorticosterone; Mass concentration; Level; Point in time; Random; SerPl; SerPlas; SerP; Serum; SR; Plasma; Pl; Plsm; Quantitative; QNT; Quant; Quan; Chemistry
Hormonios,Estradiol,2243-4,Estradiol (E2) [Mass/volume] in Serum or Plasma,Estradiol SerPl-mCnc,E2 [Mass/Vol],Estradiol,MCnc,Pt,Ser/Plas,Qn,,CHEM,ACTIVE,pg/mL,485,Estradiol,MCnc,Pt,Sor/Plas,Qn,,Estradiol SerPl-mCnc,Oestradiol; E2; 17-beta estradiol; Mass concentration; Level; Point in time; Random; SerPl; SerPlas; SerP; Serum; SR; Plasma; Pl; Plsm; Quantitative; QNT; Quant; Quan; Chemistry
Hormonios,FSH,15067-2,Follitropin [Units/volume] in Serum or Plasma,FSH SerPl-aCnc,Follitropin Qn,Follitropin,ACnc,Pt,Ser/Plas,Qn,,CHEM,ACTIVE,m[IU]/mL,462,Folitropina,ACnc,Pt,Sor/Plas,Qn,,FSH SerPl-aCnc,; FSH; Follicle stimulating hormone; Arbitrary concentration; Point in time; Random; SerPl; SerPlas; SerP; Serum; SR; Plasma; Pl; Plsm; Quantitative; QNT; Quant; Quan; Chemistry
Hormonios,LH,10501-5,Lutropin [Units/volume] in Serum or Plasma,LH SerPl-aCnc,Lutropin Qn,Lutropin,ACnc,Pt,Ser/Plas,Qn,,CHEM,ACTIVE,m[IU]/mL,567,Luteotrofina,ACnc,Pt,Sor/Plas,Qn,,LH SerPl-aCnc,; LH; Interstitual cell stimulating hormone; Leutinizing hormone; Lutenizing hormone; Lutenin; Luteinizing hormone; ICSH; Interstitial cell-stimulating hormone; Ovulation test; Arbitrary concentration; Point in time; Random; SerPl; SerPlas; SerP; Serum; SR; Plasma; Pl; Plsm; Quantitative; QNT; Quant; Quan; Chemistry
Hormonios,Prolactina,2842-3,Prolactin [Mass/volume] in Serum or Plasma,Prolactin SerPl-mCnc,Prolactin [Mass/Vol],Prolactin,MCnc,Pt,Ser/Plas,Qn,,CHEM,ACTIVE,ng/mL,508,Prolactina,MCnc,Pt,Sor/Plas,Qn,,Prolactin SerPl-mCnc,Mammatropic hormone; Lactotropic hormone; Lactotropin; PRL; Mammotropin; Mass concentration; Level; Point in time; Random; SerPl; SerPlas; SerP; Serum; SR; Plasma; Pl; Plsm; Quantitative; QNT; Quant; Quan; Chemistry
Hormonios,Beta-HCG,19080-1,Choriogonadotropin [Units/volume] in Serum or Plasma,HCG SerPl-aCnc,HCG Qn,Choriogonadotropin,ACnc,Pt,Ser/Plas,Qn,,CHEM,ACTIVE,m[IU]/mL,730,Gonadotrofina Coriônica,ACnc,Pt,Sor/Plas,Qn,,HCG SerPl-aCnc,; HCG; Chorionic gonadotropin; CG; Human chorionic gonadotropin; Pregnancy test; Choriogonadotropins total; Arbitrary concentration; Point in time; Random; SerPl; SerPlas; SerP; Serum; SR; Plasma; Pl; Plsm; Quantitative; QNT; Quant; Quan; Chemistry
Inflamacao,Proteina C reativa ultrassensivel,30522-7,C reactive protein [Mass/volume] in Serum or Plasma by High sensitivity method,CRP SerPl HS-mCnc,CRP High sensitivity method [Mass/Vol],C reactive protein,MCnc,Pt,Ser/Plas,Qn,High sensitivity,CHEM,ACTIVE,mg/L,473,Proteína C Reativa,MCnc,Pt,Sor/Plas,Qn,Ultra sensível,CRP SerPl High Sens-mCnc,; Prot; PR; CRP; C reactive peptide; Mass concentration; Level; Point in time; Random; SerPl; SerPlas; SerP; Serum; SR; Plasma; Pl; Plsm; Quantitative; QNT; Quant; Quan; High Sens; Reac; React; Chemistry; Cardio; Cardiac CRP; hs-CRP; hsCRP
